Marysville,Washington
Perris,California
Cleveland,Ohio
Worcester,Massachusetts
Columbia,South Carolina
Waterbury,Connecticut
Eagan,Minnesota
Southfield,Michigan
Lafayette,Louisiana
Boise City,Idaho
Elkhart,Indiana
Buena Park,California
Marietta,Georgia
Parker,Colorado
West Palm Beach,Florida
Salem,Massachusetts
Aurora,Illinois
Leesburg,Virginia
Doral,Florida
Westminster,California
Lubbock,Texas
Overland Park,Kansas
Jackson,Mississippi
Gastonia,North Carolina
Daytona Beach,Florida
Kansas City,Missouri
Rancho Palos Verdes,California
Burnsville,Minnesota
Rowlett,Texas
Roswell,New Mexico
Montgomery,Alabama
Logan,Utah
Woburn,Massachusetts
Allentown,Pennsylvania
Mount Pleasant,South Carolina
Columbus,Georgia
Buffalo,New York
New Berlin,Wisconsin
North Richland Hills,Texas
Lima,Ohio
Sacramento,California
Fort Smith,Arkansas
East Providence,Rhode Island
Urbandale,Iowa
Mount Vernon,New York
Lakewood,Colorado
Henderson,Nevada
Covina,California
Stamford,Connecticut
Bloomington,Indiana
Kingsport,Tennessee
Spokane,Washington
Kennewick,Washington
Philadelphia,Pennsylvania
Bellingham,Washington
Visalia,California
La Crosse,Wisconsin
Council Bluffs,Iowa
North Lauderdale,Florida
Dallas,Texas
Antioch,California
Sterling Heights,Michigan
Deerfield Beach,Florida
Fishers,Indiana
Cheyenne,Wyoming
Murrieta,California
Lenexa,Kansas
Noblesville,Indiana
Southaven,Mississippi
Chino,California
Gaithersburg,Maryland
Fountain Valley,California
Frederick,Maryland
Greenville,North Carolina
DeKalb,Illinois
West Allis,Wisconsin
Thornton,Colorado
West Des Moines,Iowa
Fall River,Massachusetts
Tulare,California
Chula Vista,California
Coral Springs,Florida
Concord,North Carolina
Smyrna,Georgia
Apopka,Florida
Grand Forks,North Dakota
Lancaster,Ohio
Naperville,Illinois
Hollywood,Florida
Rogers,Arkansas
New Orleans,Louisiana
Lakewood,Washington
Oak Lawn,Illinois
Caldwell,Idaho
Portland,Oregon
Concord,California
Burien,Washington
St. Charles,Missouri
Waukesha,Wisconsin
Flagstaff,Arizona
Puyallup,Washington
Schenectady,New York
Denver,Colorado
Springfield,Illinois
Campbell,California
Moreno Valley,California
Kettering,Ohio
Lincoln Park,Michigan
Lake Havasu City,Arizona
North Little Rock,Arkansas
Reno,Nevada
Littleton,Colorado
Prescott,Arizona
Dublin,California
Texarkana,Texas
Portland,Maine
Brooklyn Park,Minnesota
West Haven,Connecticut
El Centro,California
The Colony,Texas
Flint,Michigan
Pittsburg,California
Buckeye,Arizona
Brea,California
Indio,California
Scottsdale,Arizona
Columbus,Ohio
Lancaster,Pennsylvania
Lincoln,Nebraska
Trenton,New Jersey
Boston,Massachusetts
Glendora,California
Rochester,Minnesota
Florissant,Missouri
Annapolis,Maryland
Chapel Hill,North Carolina
Lawrence,Indiana
Calexico,California
Calumet City,Illinois
Missoula,Montana
Clovis,California
Pearland,Texas
Gilbert,Arizona
Wausau,Wisconsin
Raleigh,North Carolina
Orange,California
Walnut Creek,California
Bremerton,Washington
Porterville,California
Marana,Arizona
Tallahassee,Florida
Conroe,Texas
Blacksburg,Virginia
San Antonio,Texas
Hartford,Connecticut
Waterloo,Iowa
Binghamton,New York
Meridian,Idaho
Fond du Lac,Wisconsin
Baytown,Texas
Cary,North Carolina
Weymouth Town,Massachusetts
Tulsa,Oklahoma
Mission,Texas
Cuyahoga Falls,Ohio
Malden,Massachusetts
Allen,Texas
Tucson,Arizona
Franklin,Tennessee
Shakopee,Minnesota
Jacksonville,Florida
Atlantic City,New Jersey
Erie,Pennsylvania
Merced,California
Abilene,Texas
Yorba Linda,California
Greenville,South Carolina
Huntersville,North Carolina
St. Clair Shores,Michigan
Harrisburg,Pennsylvania
San Buenaventura (Ventura),California
Fremont,California
Pueblo,Colorado
Chelsea,Massachusetts
Belleville,Illinois
Minneapolis,Minnesota
Bartlett,Tennessee
Wichita Falls,Texas
Missouri City,Texas
St. Louis,Missouri
Pharr,Texas
Albuquerque,New Mexico
Athens-Clarke County,Georgia
South Jordan,Utah
North Las Vegas,Nevada
Pomona,California
Eastvale,California
Grove City,Ohio
Lawrence,Kansas
Midland,Texas
Oklahoma City,Oklahoma
Oro Valley,Arizona
Mesa,Arizona
Norwalk,Connecticut
Kentwood,Michigan
Brookfield,Wisconsin
Rockwall,Texas
Mishawaka,Indiana
Tustin,California
St. Cloud,Minnesota
Passaic,New Jersey
Escondido,California
San Bruno,California
Berkeley,California
San Clemente,California
Lawton,Oklahoma
Eau Claire,Wisconsin
Maricopa,Arizona
DeSoto,Texas
Fort Wayne,Indiana
Shoreline,Washington
Medford,Massachusetts
La Habra,California
Albany,New York
Daly City,California
Taylor,Michigan
Lynchburg,Virginia
Bowie,Maryland
Danbury,Connecticut
Charlottesville,Virginia
Coral Gables,Florida
Coeur d'Alene,Idaho
El Monte,California
Crystal Lake,Illinois
Danville,California
Goodyear,Arizona
Paterson,New Jersey
Salem,Oregon
Kissimmee,Florida
Saginaw,Michigan
Brownsville,Texas
Flower Mound,Texas
Grapevine,Texas
Edina,Minnesota
Detroit,Michigan
Fairfield,Ohio
Mansfield,Texas
Rochester,New York
Birmingham,Alabama
Austin,Texas
Santa Barbara,California
Addison,Illinois
Rio Rancho,New Mexico
Normal,Illinois
Romeoville,Illinois
Coon Rapids,Minnesota
San Mateo,California
Orlando,Florida
Casper,Wyoming
Bedford,Texas
Wilmington,North Carolina
Pinellas Park,Florida
North Miami Beach,Florida
Kansas City,Kansas
Fitchburg,Massachusetts
Wheeling,Illinois
Newton,Massachusetts
North Miami,Florida
Norwich,Connecticut
Newark,New Jersey
Alexandria,Louisiana
Blaine,Minnesota
Harlingen,Texas
Lompoc,California
Denton,Texas
Galveston,Texas
Greenwood,Indiana
Salinas,California
Miami Gardens,Florida
Huntington,West Virginia
Laredo,Texas
Melbourne,Florida
Haltom City,Texas
Palm Bay,Florida
Wilson,North Carolina
Bountiful,Utah
Ceres,California
Parma,Ohio
Rapid City,South Dakota
Bell Gardens,California
Commerce City,Colorado
Springfield,Massachusetts
Fort Collins,Colorado
San Leandro,California
Vista,California
Yonkers,New York
Cincinnati,Ohio
Hagerstown,Maryland
Sanford,Florida
Union City,New Jersey
Toledo,Ohio
Sierra Vista,Arizona
Newport News,Virginia
Hammond,Indiana
Buffalo Grove,Illinois
Sugar Land,Texas
Huntsville,Alabama
Lodi,California
Edmonds,Washington
Duncanville,Texas
Rocky Mount,North Carolina
Pontiac,Michigan
National City,California
Hayward,California
Niagara Falls,New York
Sparks,Nevada
Hanford,California
Cypress,California
Youngstown,Ohio
Madison,Alabama
Redlands,California
Cape Girardeau,Missouri
Nampa,Idaho
Washington,District of Columbia
Wheaton,Illinois
Lancaster,Texas
Rialto,California
Fargo,North Dakota
Peoria,Illinois
Omaha,Nebraska
Rancho Santa Margarita,California
Manhattan,Kansas
Palm Springs,California
San Diego,California
Santa Rosa,California
Lowell,Massachusetts
Broken Arrow,Oklahoma
Kent,Washington
Nashville,Tennessee
Hackensack,New Jersey
Broomfield,Colorado
Durham,North Carolina
Wichita,Kansas
Cathedral City,California
Lakeville,Minnesota
Elmhurst,Illinois
Weslaco,Texas
Greenfield,Wisconsin
Sunnyvale,California
Santa Cruz,California
Kenosha,Wisconsin
State College,Pennsylvania
Mansfield,Ohio
Quincy,Illinois
Pompano Beach,Florida
San Angelo,Texas
Bloomington,Illinois
Tracy,California
Spartanburg,South Carolina
Nashua,New Hampshire
Macon,Georgia
Hempstead,New York
Camden,New Jersey
Palm Desert,California
Streamwood,Illinois
Chesapeake,Virginia
Dublin,Ohio
Camarillo,California
Muskegon,Michigan
Elizabeth,New Jersey
Anchorage,Alaska
Minot,North Dakota
Davie,Florida
McAllen,Texas
McKinney,Texas
Killeen,Texas
Findlay,Ohio
Oakland,California
Mountain View,California
Lake Elsinore,California
Amarillo,Texas
Provo,Utah
Atlanta,Georgia
Monterey Park,California
Strongsville,Ohio
Madera,California
Decatur,Illinois
Woonsocket,Rhode Island
Mobile,Alabama
Vallejo,California
Arcadia,California
Collierville,Tennessee
Jefferson City,Missouri
Longview,Texas
Chandler,Arizona
Arvada,Colorado
Alhambra,California
Kokomo,Indiana
Oakland Park,Florida
Indianapolis,Indiana
Boynton Beach,Florida
Apache Junction,Arizona
Mount Prospect,Illinois
Cranston,Rhode Island
Lafayette,Indiana
Olathe,Kansas
Johns Creek,Georgia
Greensboro,North Carolina
Kalamazoo,Michigan
Tigard,Oregon
Jacksonville,North Carolina
Citrus Heights,California
Tuscaloosa,Alabama
Ankeny,Iowa
Hawthorne,California
Hoover,Alabama
Delray Beach,Florida
Wellington,Florida
Bullhead City,Arizona
Weston,Florida
Troy,Michigan
New Rochelle,New York
Stockton,California
Royal Oak,Michigan
Titusville,Florida
Laguna Niguel,California
Spokane Valley,Washington
Costa Mesa,California
Grand Prairie,Texas
Portsmouth,Virginia
Lacey,Washington
Apex,North Carolina
Sioux City,Iowa
Encinitas,California
Spanish Fork,Utah
Huntington Park,California
Eden Prairie,Minnesota
Peoria,Arizona
Tempe,Arizona
Wilmington,Delaware
Taylorsville,Utah
Westland,Michigan
Mesquite,Texas
Burlington,North Carolina
Garland,Texas
Richmond,California
Bismarck,North Dakota
Carson City,Nevada
Muskogee,Oklahoma
Augusta-Richmond County,Georgia
Fayetteville,North Carolina
Albany,Georgia
Sayreville,New Jersey
Newark,California
Diamond Bar,California
Decatur,Alabama
Chattanooga,Tennessee
Jeffersonville,Indiana
Bartlett,Illinois
Baldwin Park,California
Miami Beach,Florida
Jackson,Tennessee
Port Arthur,Texas
San Luis Obispo,California
Burleson,Texas
Newport Beach,California
Riverton,Utah
Yakima,Washington
Dayton,Ohio
Gulfport,Mississippi
Long Beach,California
Chico,California
Hattiesburg,Mississippi
Eugene,Oregon
Colton,California
Montebello,California
Pleasanton,California
Everett,Washington
Hutchinson,Kansas
Fairfield,California
Avondale,Arizona
Euclid,Ohio
Battle Creek,Michigan
Bloomington,Minnesota
Rock Island,Illinois
Beaverton,Oregon
Kenner,Louisiana
Clovis,New Mexico
Troy,New York
Milpitas,California
Des Plaines,Illinois
Placentia,California
Taunton,Massachusetts
Montclair,California
Johnson City,Tennessee
Savannah,Georgia
Warren,Ohio
Vancouver,Washington
Sunrise,Florida
Muncie,Indiana
Lehi,Utah
San Francisco,California
Fontana,California
Frisco,Texas
Chino Hills,California
Poway,California
Huber Heights,Ohio
New Brunswick,New Jersey
Norfolk,Virginia
Hillsboro,Oregon
San Jacinto,California
Pensacola,Florida
Hamilton,Ohio
Florence,South Carolina
San Bernardino,California
Peachtree Corners,Georgia
Victorville,California
Gary,Indiana
Casa Grande,Arizona
Morgan Hill,California
Dubuque,Iowa
Syracuse,New York
Clarksville,Tennessee
Lakeland,Florida
Valley Stream,New York
Dover,Delaware
Moorhead,Minnesota
Culver City,California
Palatine,Illinois
Seattle,Washington
Covington,Kentucky
Elk Grove,California
Shreveport,Louisiana
Ogden,Utah
Harrisonburg,Virginia
Inglewood,California
Pasadena,California
Lawrence,Massachusetts
Lake Oswego,Oregon
Petaluma,California
Springfield,Ohio
Napa,California
Aurora,Colorado
Duluth,Minnesota
Roanoke,Virginia
Bend,Oregon
Apple Valley,California
Waltham,Massachusetts
Fort Myers,Florida
Tampa,Florida
Upland,California
Danville,Virginia
Beloit,Wisconsin
Plantation,Florida
Colorado Springs,Colorado
Modesto,California
Grand Rapids,Michigan
Oak Park,Illinois
Sarasota,Florida
Jurupa Valley,California
Bellflower,California
Boulder,Colorado
Santa Fe,New Mexico
Coachella,California
Marlborough,Massachusetts
Riverside,California
Palmdale,California
Novato,California
Layton,Utah
Bolingbrook,Illinois
Mission Viejo,California
Glenview,Illinois
Lincoln,California
Folsom,California
Prescott Valley,Arizona
Las Cruces,New Mexico
Bozeman,Montana
Schaumburg,Illinois
Warren,Michigan
St. Peters,Missouri
Ames,Iowa
Surprise,Arizona
Richardson,Texas
Midland,Michigan
San Marcos,Texas
Wilkes-Barre,Pennsylvania
Appleton,Wisconsin
Shawnee,Kansas
Mentor,Ohio
Livermore,California
Charlotte,North Carolina
Owensboro,Kentucky
Jupiter,Florida
Rohnert Park,California
Chicago,Illinois
Billings,Montana
Wauwatosa,Wisconsin
Lombard,Illinois
New Haven,Connecticut
York,Pennsylvania
Knoxville,Tennessee
Elyria,Ohio
Barnstable Town,Massachusetts
Murray,Utah
Alameda,California
Manteca,California
Maplewood,Minnesota
Medford,Oregon
Murfreesboro,Tennessee
Yuba City,California
Shelton,Connecticut
Cedar Falls,Iowa
Germantown,Tennessee
Scranton,Pennsylvania
Auburn,Alabama
Manassas,Virginia
Vacaville,California
Santa Monica,California
Suffolk,Virginia
Rochester Hills,Michigan
La Quinta,California
Charleston,West Virginia
Delano,California
St. Cloud,Florida
Charleston,South Carolina
Kannapolis,North Carolina
Corona,California
Rocklin,California
Lee's Summit,Missouri
Palm Coast,Florida
Sandy,Utah
Bentonville,Arkansas
Santa Clarita,California
Altamonte Springs,Florida
New Braunfels,Texas
Memphis,Tennessee
Irving,Texas
Alexandria,Virginia
Hesperia,California
Holyoke,Massachusetts
Dunwoody,Georgia
Skokie,Illinois
Kearny,New Jersey
Bethlehem,Pennsylvania
St. Joseph,Missouri
Redondo Beach,California
Houston,Texas
Temecula,California
Ann Arbor,Michigan
Beaumont,Texas
East Lansing,Michigan
Santee,California
Tamarac,Florida
Bellevue,Nebraska
Pembroke Pines,Florida
Springdale,Arkansas
Oxnard,California
Odessa,Texas
Stillwater,Oklahoma
Brockton,Massachusetts
Bayonne,New Jersey
Paramount,California
Moline,Illinois
Meridian,Mississippi
Cleveland,Tennessee
Jersey City,New Jersey
St. Paul,Minnesota
Deltona,Florida
Freeport,New York
Iowa City,Iowa
Anaheim,California
Apple Valley,Minnesota
Great Falls,Montana
West Valley City,Utah
Hampton,Virginia
Georgetown,Texas
Orem,Utah
Monrovia,California
Keller,Texas
Goose Creek,South Carolina
Little Rock,Arkansas
Santa Ana,California
White Plains,New York
Idaho Falls,Idaho
Bellevue,Washington
Roseville,California
Perth Amboy,New Jersey
Peabody,Massachusetts
Grand Island,Nebraska
Columbia,Missouri
Racine,Wisconsin
Carmel,Indiana
Portage,Michigan
Middletown,Ohio
Woodland,California
Revere,Massachusetts
Euless,Texas
Arlington Heights,Illinois
Hemet,California
High Point,North Carolina
Newark,Ohio
Midwest City,Oklahoma
San Marcos,California
Port Orange,Florida
Lakewood,California
Westerville,Ohio
Rockford,Illinois
El Cajon,California
St. Petersburg,Florida
Downers Grove,Illinois
Milford,Connecticut
Albany,Oregon
Las Vegas,Nevada
Pasadena,Texas
Port St. Lucie,Florida
Cedar Rapids,Iowa
Ormond Beach,Florida
Quincy,Massachusetts
Miramar,Florida
El Paso,Texas
Topeka,Kansas
Rosemead,California
Keizer,Oregon
Minnetonka,Minnesota
Akron,Ohio
Edinburg,Texas
Rancho Cucamonga,California
North Charleston,South Carolina
Louisville,Kentucky
Watsonville,California
Coconut Creek,Florida
Bradenton,Florida
Carlsbad,California
Texas City,Texas
Redding,California
Wyoming,Michigan
Lorain,Ohio
Roy,Utah
Fort Lauderdale,Florida
Warner Robins,Georgia
Clearwater,Florida
Cutler Bay,Florida
Florence,Alabama
Terre Haute,Indiana
Temple,Texas
Beavercreek,Ohio
Sioux Falls,South Dakota
Columbus,Indiana
Margate,Florida
Leominster,Massachusetts
Warwick,Rhode Island
Bakersfield,California
Miami,Florida
Lake Charles,Louisiana
Richland,Washington
Hickory,North Carolina
South San Francisco,California
Plymouth,Minnesota
South Bend,Indiana
Edmond,Oklahoma
Des Moines,Iowa
Bonita Springs,Florida
Draper,Utah
Whittier,California
Livonia,Michigan
Milwaukee,Wisconsin
Auburn,Washington
Sumter,South Carolina
Beverly,Massachusetts
Renton,Washington
Centennial,Colorado
Richmond,Virginia
Anderson,Indiana
Beaumont,California
Pflugerville,Texas
Hoboken,New Jersey
Lexington-Fayette,Kentucky
Norwalk,California
Yuma,Arizona
Highland,California
Carol Stream,Illinois
Joliet,Illinois
Rock Hill,South Carolina
Rancho Cordova,California
Dearborn Heights,Michigan
Honolulu,Hawaii
Victoria,Texas
Attleboro,Massachusetts
Wylie,Texas
Carrollton,Texas
Plainfield,Illinois
Hoffman Estates,Illinois
Methuen,Massachusetts
North Port,Florida
Rockville,Maryland
Burbank,California
Fullerton,California
Oshkosh,Wisconsin
Huntsville,Texas
Farmington Hills,Michigan
Pico Rivera,California
Cerritos,California
La Puente,California
Grand Junction,Colorado
Enid,Oklahoma
San Jose,California
Round Rock,Texas
Maple Grove,Minnesota
Norman,Oklahoma
Homestead,Florida
Friendswood,Texas
Irvine,California
Pocatello,Idaho
Pacifica,California
Sheboygan,Wisconsin
Bossier City,Louisiana
Cedar Park,Texas
Sandy Springs,Georgia
Champaign,Illinois
Clifton,New Jersey
Moore,Oklahoma
Blue Springs,Missouri
Lancaster,California
Bryan,Texas
Hurst,Texas
Cape Coral,Florida
Cupertino,California
Pittsfield,Massachusetts
Gilroy,California
Manchester,New Hampshire
Virginia Beach,Virginia
Salina,Kansas
Somerville,Massachusetts
Largo,Florida
Fresno,California
Phenix City,Alabama
Berwyn,Illinois
Palm Beach Gardens,Florida
Pawtucket,Rhode Island
San Gabriel,California
Winston-Salem,North Carolina
Alpharetta,Georgia
O'Fallon,Missouri
Redwood City,California
Union City,California
Hallandale Beach,Florida
Mankato,Minnesota
Aliso Viejo,California
Menifee,California
Loveland,Colorado
Carpentersville,Illinois
Providence,Rhode Island
Hialeah,Florida
San Ramon,California
Ontario,California
Kirkland,Washington
St. George,Utah
Hilton Head Island,South Carolina
Glendale,California
Meriden,Connecticut
Gardena,California
Westfield,Massachusetts
Elgin,Illinois
Plano,Texas
Longmont,Colorado
Coppell,Texas
Lakewood,Ohio
Jonesboro,Arkansas
College Station,Texas
Dearborn,Michigan
Utica,New York
Monroe,Louisiana
Baltimore,Maryland
Springfield,Missouri
Pine Bluff,Arkansas
Plainfield,New Jersey
Lynn,Massachusetts
Woodbury,Minnesota
Gainesville,Florida
West Sacramento,California
Sammamish,Washington
Aventura,Florida
Fayetteville,Arkansas
San Rafael,California
Conway,Arkansas
Tacoma,Washington
Middletown,Connecticut
Burlington,Vermont
Twin Falls,Idaho
Sherman,Texas
New York,New York
Simi Valley,California
West Covina,California
Castle Rock,Colorado
Valdosta,Georgia
Fort Worth,Texas
Carson,California
Evansville,Indiana
Santa Maria,California
Brentwood,Tennessee
La Mesa,California
Westminster,Colorado
Reading,Pennsylvania
Turlock,California
Greeley,Colorado
Tyler,Texas
Winter Garden,Florida
Waco,Texas
Martinez,California
Thousand Oaks,California
Azusa,California
Bridgeport,Connecticut
St. Louis Park,Minnesota
Chesterfield,Missouri
Greenacres,Florida
Pasco,Washington
Torrance,California
Madison,Wisconsin
Janesville,Wisconsin
Waukegan,Illinois
Bowling Green,Kentucky
Arlington,Texas
Lewisville,Texas
Farmington,New Mexico
Oakley,California
Palo Alto,California
Springfield,Oregon
New Bedford,Massachusetts
Redmond,Washington
Brentwood,California
Davis,California
La Mirada,California
Smyrna,Tennessee
Altoona,Pennsylvania
Dothan,Alabama
East Orange,New Jersey
Tinley Park,Illinois
Biloxi,Mississippi
Urbana,Illinois
Garden Grove,California
Lynwood,California
Northglenn,Colorado
Canton,Ohio
Brookhaven,Georgia
Baton Rouge,Louisiana
Bristol,Connecticut
Independence,Missouri
Lansing,Michigan
Orland Park,Illinois
Vineland,New Jersey
Green Bay,Wisconsin
Evanston,Illinois
Ocoee,Florida
Los Angeles,California
Federal Way,Washington
West Jordan,Utah
Yucaipa,California
Pittsburgh,Pennsylvania
Downey,California
Cicero,Illinois
South Gate,California
Panama City,Florida
Joplin,Missouri
League City,Texas
Salt Lake City,Utah
Fort Pierce,Florida
Phoenix,Arizona
Corvallis,Oregon
Cedar Hill,Texas
Chicopee,Massachusetts
Ocala,Florida
Roswell,Georgia
Park Ridge,Illinois
Concord,New Hampshire
Olympia,Washington
Huntington Beach,California
Corpus Christi,Texas
Haverhill,Massachusetts
Hanover Park,Illinois
Cambridge,Massachusetts
Glendale,Arizona
Stanton,California
Summerville,South Carolina
Davenport,Iowa
Boca Raton,Florida
New Britain,Connecticut
Roseville,Michigan
Cleveland Heights,Ohio
Gresham,Oregon
Lauderhill,Florida
Hendersonville,Tennessee
Santa Clara,California
Oceanside,California
Lake Forest,California
Novi,Michigan
West New York,New Jersey
Everett,Massachusetts
Linden,New Jersey
Asheville,North Carolina
Compton,California